Name,LR,accuracy,mF1Score,f1Score,auc,precision,recall,loss
VIT+LSTM+FCL,0.001,0.7202338282983445,0.6961451426244581,0.6181097106447143,0.6982905316582118,0.6875342825302163,0.5929874050662768,0.555456616454695
