Name,LR,accuracy,mF1Score,f1Score,auc,precision,recall,loss
VID+TEXT_baseline,0.0001,0.8005675029868579,0.7853988465175925,0.7289894172548672,0.7803879061165861,0.7883879016553067,0.681903234429297,0.4612971045614754
VID+TEXT_Lrs,0.0001,0.7903993855606759,0.7790007789680056,0.7295005595029258,0.7771206040317863,0.7512080178947649,0.7121625233894681,0.4809960802552551
VID+TEXT_Res_1_4,0.0001,0.7894563918757467,0.7762949725587254,0.7229861503618029,0.7738970695454961,0.7552623050629185,0.6981288425554664,0.4554164097748187
VID+TEXT_Xavier,0.0001,0.756221198156682,0.7437505075023422,0.6887699993447967,0.7439187304571095,0.6986122448979591,0.684255546645282,0.4892418227869815
