Name,LR,accuracy,mF1Score,f1Score,auc,precision,recall,loss
Audio_baseline,0.0001,0.6897636115378051,0.6792488048838623,0.6246730645628609,0.6821710260820921,0.6112016688114426,0.6449879711307137,0.6076125743527891
