Name,LR,accuracy,mF1Score,f1Score,auc,precision,recall,loss
ALL_possible,0.0001,0.7820959208055983,0.7717733553042901,0.7247048847411566,0.7724300968635157,0.728863606524264,0.7259288960171077,0.4931193395574196
Audio_3_Res,0.0001,0.7045229561358595,0.6883110299093599,0.6194157417491649,0.6883499486652092,0.6354458874458875,0.6099705960973002,0.5980825382697946
Audio_baseline,0.0001,0.6897636115378051,0.6792488048838623,0.6246730645628609,0.6821710260820921,0.6112016688114426,0.6449879711307137,0.6076125743527891
